"RelPath","Size","Hits"
"/images/blog/discovering-naxi-culinary-traditions/DY-icon6b.jpg","206970","0"
"/images/blog/discovering-naxi-culinary-traditions/LJ-icon2.jpg","175280","0"
"/images/blog/discovering-naxi-culinary-traditions/LJ-icon9.jpg","112258","0"
"/images/blog/ea-horse-road-adventure/Icon8.jpg","40221","0"
"/images/blog/first-year-sustainable-ecotourism-yunnan/FW-Icon3.jpg","174290","0"
"/images/blog/first-year-sustainable-ecotourism-yunnan/LJ-icon1.jpg","215624","0"
"/images/blog/first-year-sustainable-ecotourism-yunnan/YL-icon4.jpg","137060","0"
"/images/blog/irst-year-sustainable-ecotourism-yunnan/Icon1.jpg","85659","0"
"/images/blog/irst-year-sustainable-ecotourism-yunnan/Icon3.jpg","111622","0"
"/images/blog/irst-year-sustainable-ecotourism-yunnan/Icon4.jpg","81170","0"
"/images/blog/iscovering-naxi-culinary-traditions/Icon2.jpg","91638","0"
"/images/blog/iscovering-naxi-culinary-traditions/Icon5.jpg","108939","0"
"/images/blog/iscovering-naxi-culinary-traditions/Icon6b.jpg","119617","0"
"/images/blog/iscovering-naxi-culinary-traditions/Icon9.jpg","55715","0"
"/images/blog/tea-horse-road-adventure/LJ-icon4.jpg","211162","0"
"/images/blog/tea-horse-road-adventure/TC-Icon3.jpg","241620","0"
"/images/blog/tea-horse-road-adventure/TC-Icon8.jpg","159066","0"
"/images/blog/tea-horse-road-adventure/YL-icon2.jpg","130566","0"
"/images/partner/family-ecocamps/monkey-icon.webp","202240","0"
"/images/README.md","10711","0"
"/images/shared/brand/logo-dark.svg","505","0"
"/images/shared/brand/logo-white.svg","490","0"
"/images/shared/presets/abstract-background.svg","189138","0"
"/images/shared/presets/abstract-feature1.svg","2735","0"
"/images/shared/presets/abstract-feature2.svg","3342","0"
"/images/shared/presets/abstract-feature3.svg","2294","0"
"/images/shared/presets/Hero 1920.jpg","477689","0"
"/images/shared/presets/hero.svg","1007","0"
"/images/shared/presets/hero2.svg","6864","0"
"/images/shared/presets/hero3.svg","6763","0"
"/images/shared/presets/img-placeholder-dark.png","5011","0"
"/images/shared/presets/main-hero.jpg","14173","0"
"/images/shared/presets/main-hero.svg","7980","0"
"/images/shared/presets/person-placeholder-light.png","5513","0"
"/images/shared/trust/partner-contenful.svg","5386","0"
"/images/shared/trust/partner-empathy.svg","4999","0"
"/images/shared/trust/partner-rangle.svg","4092","0"
"/images/shared/trust/partner-sanity.svg","3466","0"
"/images/shared/trust/partner-telus.svg","5403","0"
"/images/shared/trust/partner-vise.svg","5052","0"
"/images/shared/trust/partner-wellster.svg","6826","0"
"/images/tours/hidden-jade-dragon/_backup/card.webp.prev","51972","0"
"/images/tours/hidden-jade-dragon/banner.png","2387916","0"
"/images/tours/lijiang-heavenly-valley/_backup/highlight-2.webp.prev","24164","0"
"/images/tours/lijiang-heavenly-valley/_backup/highlight-3.webp.prev","29400","0"
"/images/tours/lijiang-heavenly-valley/_backup/highlight-4.webp.prev","45646","0"
"/images/tours/lijiang-heavenly-valley/_backup/highlight-4_old_from_git.webp","112972","0"
"/images/tours/lijiang-heavenly-valley/_backup/highlight-6.webp.prev","40576","0"
"/images/tours/shangri-la-monkey/banner.webp","212228","0"
"/images/tours/wenhai-sanctuary/card.webp","39390","0"
"/images/tours/wild-heart-of-lijiang/banner2.webp","511352","0"
"/images/tours/wild-heart-of-lijiang/card2.webp","47236","0"
"/images/blog/ndex/img-placeholder.svg","1065","1"
"/images/pages/contact-us/Contact-Us-Hero.webp","127750","1"
"/images/pages/ecotours-listing/expeditions banner.webp","160524","1"
"/images/pages/ecotours-listing/HERO-Ecotours.webp","234612","1"
"/images/pages/home/off the beaten path.webp","53906","1"
"/images/pages/home/Sustainable Icon.webp","56020","1"
"/images/pages/partner-with-us/marketing-support.png","29063","1"
"/images/pages/partner-with-us/new-growth-icon.png","24723","1"
"/images/pages/partner-with-us/partner-custom-icon.png","43003","1"
"/images/pages/partner-with-us/partner-impact-icon.png","25800","1"
"/images/pages/partner-with-us/partner-reputation-icon.png","28731","1"
"/images/pages/partner-with-us/partnership-corporate-groups.webp","54202","1"
"/images/pages/partner-with-us/partnership-schools.webp","58508","1"
"/images/pages/partner-with-us/partnership-sustainability-consulting.webp","48240","1"
"/images/pages/partner-with-us/partnership-travel-agencies.webp","67700","1"
"/images/pages/partner-with-us/Partner-With-Us-Hero.webp","317782","1"
"/images/pages/why-us/Collaboration.webp","162390","1"
"/images/pages/why-us/Contributing3.webp","39244","1"
"/images/pages/why-us/Culture.webp","41432","1"
"/images/pages/why-us/Guides-4.webp","217720","1"
"/images/pages/why-us/Handcrafted.jpg","62034","1"
"/images/pages/why-us/Immersion4.webp","16104","1"
"/images/pages/why-us/Minimizing.webp","49204","1"
"/images/pages/why-us/Outreach.webp","84698","1"
"/images/pages/why-us/Private.webp","55684","1"
"/images/pages/why-us/Recognized.webp","27522","1"
"/images/pages/why-us/Supporting.webp","40152","1"
"/images/pages/why-us/Sustainability2-.webp","174442","1"
"/images/pages/why-us/Sustainable.webp","39690","1"
"/images/pages/why-us/Why-Us-Hero.webp","76680","1"
"/images/partner/family-ecocamps/Culture Icon.webp","95146","1"
"/images/partner/family-ecocamps/Family Hero.webp","745318","1"
"/images/partner/family-ecocamps/Family Hero2.webp","633668","1"
"/images/partner/family-ecocamps/Fun Icon.webp","86324","1"
"/images/partner/family-ecocamps/Nature Icon.webp","82090","1"
"/images/partner/family-ecocamps/Sustainability Icon.webp","134592","1"
"/images/partner/schools/Family Camp Hero Icon.webp","101054","1"
"/images/partner/schools/Ledership Hero Icon2.webp","73108","1"
"/images/partner/student-ecocamps/Journey Icon.webp","209768","1"
"/images/partner/student-ecocamps/Ledership Hero.webp","562906","1"
"/images/partner/student-ecocamps/Ledership Hero2.webp","576752","1"
"/images/partner/student-ecocamps/Pioneers Icon.webp","256336","1"
"/images/shared/brand/avatar1.svg","3974","1"
"/images/shared/brand/cm-logo-footer.webp","24660","1"
"/images/shared/brand/cm-logo-header.png","9813","1"
"/images/shared/itinerary/afternoon.png","6775","1"
"/images/shared/itinerary/evening.png","6943","1"
"/images/shared/itinerary/morning.png","6803","1"
"/images/shared/reviews/hollie-c.jpg","5605","1"
"/images/shared/reviews/internationalbabe.jpg","3091","1"
"/images/shared/reviews/james-o.jpg","4265","1"
"/images/shared/reviews/j-m.jpg","3557","1"
"/images/shared/reviews/john-m.jpg","1641","1"
"/images/shared/reviews/lisa.jpg","3166","1"
"/images/shared/reviews/michael-b.jpg","5454","1"
"/images/shared/reviews/paradise.jpg","5075","1"
"/images/shared/reviews/rapheephan-r.png","2674","1"
"/images/shared/reviews/shirley-o.jpg","4265","1"
"/images/shared/reviews/sven.jpg","3482","1"
"/images/shared/trust/tripadvisor-logo.webp","19912","1"
"/images/tours/dongba-culture-hands-on/banner.webp","348876","1"
"/images/tours/dongba-culture-hands-on/card.webp","30558","1"
"/images/tours/dongba-culture-hands-on/highlight-1.webp","51072","1"
"/images/tours/dongba-culture-hands-on/highlight-2.webp","40336","1"
"/images/tours/dongba-culture-hands-on/highlight-3.webp","14152","1"
"/images/tours/dongba-culture-hands-on/highlight-4.webp","33194","1"
"/images/tours/dongba-culture-hands-on/highlight-5B.webp","43784","1"
"/images/tours/dongba-culture-hands-on/highlight-6.webp","32908","1"
"/images/tours/dongba-culture-hands-on/highlight-7.webp","26662","1"
"/images/tours/dongba-culture-hands-on/highlight-8.webp","42542","1"
"/images/tours/dongba-culture-hands-on/highlight-9.webp","41958","1"
"/images/tours/e-biking-lijiang-villages/banner.webp","607440","1"
"/images/tours/e-biking-lijiang-villages/card.webp","43924","1"
"/images/tours/e-biking-lijiang-villages/highlight-1.webp","29368","1"
"/images/tours/e-biking-lijiang-villages/highlight-10.webp","30278","1"
"/images/tours/e-biking-lijiang-villages/highlight-11.webp","47078","1"
"/images/tours/e-biking-lijiang-villages/highlight-12.webp","40956","1"
"/images/tours/e-biking-lijiang-villages/highlight-2.webp","39844","1"
"/images/tours/e-biking-lijiang-villages/highlight-3.webp","17110","1"
"/images/tours/e-biking-lijiang-villages/highlight-4.webp","42046","1"
"/images/tours/e-biking-lijiang-villages/highlight-5.webp","49486","1"
"/images/tours/e-biking-lijiang-villages/highlight-6.webp","36406","1"
"/images/tours/e-biking-lijiang-villages/highlight-7.webp","35818","1"
"/images/tours/e-biking-lijiang-villages/highlight-8.webp","30958","1"
"/images/tours/e-biking-lijiang-villages/highlight-9.webp","39394","1"
"/images/tours/hidden-jade-dragon/banner.webp","532674","1"
"/images/tours/hidden-jade-dragon/highlight-1.webp","37072","1"
"/images/tours/hidden-jade-dragon/highlight-3.webp","41612","1"
"/images/tours/hidden-jade-dragon/highlight-5.webp","61230","1"
"/images/tours/hidden-jade-dragon/highlight-6.webp","44690","1"
"/images/tours/lijiang-forgotten-forest/banner.webp","575300","1"
"/images/tours/lijiang-forgotten-forest/card.webp","40082","1"
"/images/tours/lijiang-forgotten-forest/highlight-1.webp","59878","1"
"/images/tours/lijiang-forgotten-forest/highlight-10.webp","21792","1"
"/images/tours/lijiang-forgotten-forest/highlight-11.webp","44554","1"
"/images/tours/lijiang-forgotten-forest/highlight-12.webp","28834","1"
"/images/tours/lijiang-forgotten-forest/highlight-2.webp","78358","1"
"/images/tours/lijiang-forgotten-forest/highlight-3.webp","53854","1"
"/images/tours/lijiang-forgotten-forest/highlight-4.webp","20602","1"
"/images/tours/lijiang-forgotten-forest/highlight-5.webp","72414","1"
"/images/tours/lijiang-forgotten-forest/highlight-6.webp","16248","1"
"/images/tours/lijiang-forgotten-forest/highlight-7.webp","29926","1"
"/images/tours/lijiang-forgotten-forest/highlight-8.webp","23166","1"
"/images/tours/lijiang-forgotten-forest/highlight-9.webp","44660","1"
"/images/tours/lijiang-heavenly-valley/banner.webp","684852","1"
"/images/tours/lijiang-heavenly-valley/card.webp","51186","1"
"/images/tours/lijiang-heavenly-valley/highlight-1.webp","41218","1"
"/images/tours/lijiang-heavenly-valley/highlight-2.webp","60114","1"
"/images/tours/lijiang-heavenly-valley/highlight-3.webp","29368","1"
"/images/tours/lijiang-heavenly-valley/highlight-4.webp","45646","1"
"/images/tours/lijiang-heavenly-valley/highlight-5.webp","44258","1"
"/images/tours/lijiang-heavenly-valley/highlight-6.webp","56622","1"
"/images/tours/lijiang-heavenly-valley/highlight-7.webp","67464","1"
"/images/tours/lijiang-heavenly-valley/highlight-8.webp","68970","1"
"/images/tours/lijiang-heavenly-valley/highlight-9.webp","56012","1"
"/images/tours/lijiang-heritage-in-depth/banner.webp","573750","1"
"/images/tours/lijiang-heritage-in-depth/card.webp","59636","1"
"/images/tours/lijiang-heritage-in-depth/highlight-1.webp","36878","1"
"/images/tours/lijiang-heritage-in-depth/highlight-10.webp","36124","1"
"/images/tours/lijiang-heritage-in-depth/highlight-11.webp","51092","1"
"/images/tours/lijiang-heritage-in-depth/highlight-12.webp","41492","1"
"/images/tours/lijiang-heritage-in-depth/highlight-2.webp","26922","1"
"/images/tours/lijiang-heritage-in-depth/highlight-3.webp","41552","1"
"/images/tours/lijiang-heritage-in-depth/highlight-4.webp","38630","1"
"/images/tours/lijiang-heritage-in-depth/highlight-5.webp","14152","1"
"/images/tours/lijiang-heritage-in-depth/highlight-6.webp","43784","1"
"/images/tours/lijiang-heritage-in-depth/highlight-7.webp","32908","1"
"/images/tours/lijiang-heritage-in-depth/highlight-8.webp","42542","1"
"/images/tours/lijiang-heritage-in-depth/highlight-9.webp","58552","1"
"/images/tours/lijiang-old-town/banner.webp","359608","1"
"/images/tours/lijiang-old-town/highlight-1.webp","36878","1"
"/images/tours/lijiang-old-town/highlight-2.webp","26922","1"
"/images/tours/lijiang-old-town/highlight-3.webp","41552","1"
"/images/tours/lijiang-old-town/highlight-4.webp","46094","1"
"/images/tours/lijiang-old-town/highlight-5.webp","51562","1"
"/images/tours/lijiang-old-town/highlight-7.webp","45934","1"
"/images/tours/lijiang-old-town/highlight-8.webp","46454","1"
"/images/tours/lijiang-old-town/highlight-9.webp","39072","1"
"/images/tours/living-waters-of-lashi/banner.webp","608816","1"
"/images/tours/living-waters-of-lashi/card.webp","51814","1"
"/images/tours/living-waters-of-lashi/highlight-1.webp","52364","1"
"/images/tours/living-waters-of-lashi/highlight-2.webp","38324","1"
"/images/tours/living-waters-of-lashi/highlight-3.webp","18362","1"
"/images/tours/living-waters-of-lashi/highlight-4.webp","51788","1"
"/images/tours/living-waters-of-lashi/highlight-5.webp","42668","1"
"/images/tours/living-waters-of-lashi/highlight-6.webp","26864","1"
"/images/tours/living-waters-of-lashi/highlight-7.webp","48900","1"
"/images/tours/living-waters-of-lashi/highlight-8.webp","12496","1"
"/images/tours/living-waters-of-lashi/highlight-9.webp","30424","1"
"/images/tours/natgeo-forever-walk/banner.webp","394652","1"
"/images/tours/natgeo-forever-walk/card.webp","30634","1"
"/images/tours/natgeo-forever-walk/highlight-10.webp","64730","1"
"/images/tours/natgeo-forever-walk/highlight-11.webp","44342","1"
"/images/tours/natgeo-forever-walk/highlight-12.webp","29654","1"
"/images/tours/natgeo-forever-walk/highlight-13.webp","28402","1"
"/images/tours/natgeo-forever-walk/highlight-14.webp","18518","1"
"/images/tours/natgeo-forever-walk/highlight-15.webp","52614","1"
"/images/tours/natgeo-forever-walk/highlight-16.webp","76611","1"
"/images/tours/natgeo-forever-walk/highlight-17.webp","39090","1"
"/images/tours/natgeo-forever-walk/highlight-2.webp","25366","1"
"/images/tours/natgeo-forever-walk/highlight-9.webp","55338","1"
"/images/tours/shangri-la-monkey/banner-alt.webp","212228","1"
"/images/tours/shangri-la-monkey/highlight-11.webp","25276","1"
"/images/tours/shangri-la-monkey/highlight-12.webp","41386","1"
"/images/tours/shangri-la-monkey/highlight-2.webp","24662","1"
"/images/tours/shangri-la-monkey/highlight-4.webp","34312","1"
"/images/tours/shangri-la-monkey/highlight-5.webp","45950","1"
"/images/tours/shangri-la-monkey/highlight-6.webp","36196","1"
"/images/tours/shangri-la-monkey/highlight-7.webp","21016","1"
"/images/tours/shangri-la-monkey/highlight-9.webp","51726","1"
"/images/tours/tea-horse-road-snacks/banner.webp","224784","1"
"/images/tours/tea-horse-road-snacks/card.webp","64110","1"
"/images/tours/tea-horse-road-snacks/highlight-1.webp","55412","1"
"/images/tours/tea-horse-road-snacks/highlight-2.webp","61686","1"
"/images/tours/tea-horse-road-snacks/highlight-3.webp","59074","1"
"/images/tours/tea-horse-road-snacks/highlight-4.webp","41126","1"
"/images/tours/tea-horse-road-snacks/highlight-5.webp","64466","1"
"/images/tours/tea-horse-road-snacks/highlight-6.webp","66572","1"
"/images/tours/tea-horse-road-snacks/highlight-7.webp","35742","1"
"/images/tours/tea-horse-road-snacks/highlight-8.webp","74422","1"
"/images/tours/tea-horse-road-snacks/highlight-9.webp","66302","1"
"/images/tours/wenhai-sanctuary/highlight-1.webp","85659","1"
"/images/tours/wenhai-sanctuary/highlight-2.webp","35456","1"
"/images/tours/wenhai-sanctuary/highlight-3.webp","27134","1"
"/images/tours/wenhai-sanctuary/highlight-4.webp","31336","1"
"/images/tours/wenhai-sanctuary/highlight-5.webp","47114","1"
"/images/tours/wenhai-sanctuary/highlight-6.webp","46062","1"
"/images/tours/wild-heart-of-lijiang/banner.webp","495506","1"
"/images/tours/wild-heart-of-lijiang/card.webp","37192","1"
"/images/tours/wild-heart-of-lijiang/highlight-10.webp","43302","1"
"/images/tours/wild-heart-of-lijiang/highlight-11.webp","23752","1"
"/images/tours/wild-heart-of-lijiang/highlight-12.webp","57458","1"
"/images/tours/wild-heart-of-lijiang/highlight-3.webp","42542","1"
"/images/tours/wild-heart-of-lijiang/highlight-5.webp","50394","1"
"/images/tours/wild-heart-of-lijiang/highlight-6.webp","46992","1"
"/images/tours/wild-heart-of-lijiang/highlight-7.webp","42638","1"
"/images/tours/wild-heart-of-lijiang/highlight-8.webp","16402","1"
"/images/partner/family-ecocamps/Article Preview Header v2.webp","149398","2"
"/images/tours/hidden-jade-dragon/highlight-2.webp","39482","2"
"/images/tours/lijiang-old-town/highlight-6.webp","37026","2"
"/images/tours/natgeo-forever-walk/highlight-1.webp","46810","2"
"/images/tours/shangri-la-monkey/highlight-1.webp","38438","2"
"/images/tours/shangri-la-monkey/highlight-3.webp","48544","2"
"/images/tours/shangri-la-monkey/highlight-8.webp","29736","2"
"/images/tours/wild-heart-of-lijiang/highlight-2.webp","29524","2"
"/images/tours/wild-heart-of-lijiang/highlight-4.webp","41438","2"
"/images/tours/wild-heart-of-lijiang/highlight-9.webp","18482","2"
"/images/tours/hidden-jade-dragon/card.webp","38936","3"
"/images/tours/lijiang-old-town/card.webp","36150","3"
"/images/blog/irst-year-sustainable-ecotourism-yunnan/Guides.jpg","447973","4"
"/images/partner/consulting/About Us Banner.webp","74072","4"
"/images/shared/presets/Lukas2.webp","13330","4"
"/images/shared/presets/Lynne2.webp","15330","4"
"/images/tours/shangri-la-monkey/card.webp","41096","4"
"/images/tours/hidden-jade-dragon/highlight-4.webp","36770","5"
"/images/tours/natgeo-forever-walk/highlight-3.webp","34840","5"
"/images/tours/wenhai-sanctuary/banner.webp","159330","5"
"/images/tours/wild-heart-of-lijiang/highlight-1.webp","38320","5"
"/images/partner/consulting/icon3.svg","1076","7"
"/images/pages/home/About Us Banner OPT.webp","66504","8"
"/images/partner/consulting/icon2.svg","397","9"
"/images/pages/home/CM Hero OPTIMIZED.webp","567360","13"
"/images/partner/consulting/icon1.svg","378","13"
"/images/shared/key-details/duration.png","5921","13"
"/images/shared/key-details/level.png","5282","13"
"/images/shared/key-details/location.png","6171","13"
"/images/shared/key-details/special.png","5260","13"
"/images/shared/brand/cm-logo-color.png","10348","27"
